English,Transcription,Русский
adult,[ˈædʌlt],взрослый
age,[eɪdʒ],возраст
baby,[ˈbeɪbɪ],малыш
birth,[bɜːθ],рождение
boy,[bɔɪ],мальчик
child,[tʃaɪld],ребенок
childhood,[ˈtʃaɪldhʊd],детство
girl,[ɡɜːl],девочка
human,[ˈhjuːmən],человек
kid,[kɪd],ребенок
life,[laɪf],жизнь
maiden name,[ˈmeɪdn neɪm],девичья фамилия
man,[mæn],мужчина
name,[neɪm],имя
people,[ˈpiːpl],люди
person,[ˈpɜːsn],человек
personality,[ˌpɜːsəˈnæləti],личность
surname,[ˈsɜːneɪm],фамилия
teenager,[ˈtiːneɪdʒə(r)],подросток
woman,[ˈwʊmən],женщина
youth,[juːθ],"молодежь, молодость"
he,[hiː],он
her,[hɜː(r)],ее
him,[hɪm],его (объектн.)
his,[hɪz],его (притяжат.)
I,[aɪ],я
it,[ɪt],оно
my,[maɪ],мой
our,[ˈaʊə(r)],наш
she,[ʃiː],она
their,[ðeə(r)],их (притяжат.)
them,[ðem],их (объектн.)
they,[ðeɪ],они
we,[wiː],мы
arm,[ɑːm],рука
back,[bæk],спина
belly,[ˈbelɪ],живот
blood,[blʌd],кровь
body,[ˈbɒdɪ],тело
bone,[bəʊn],кость
brain,[breɪn],мозг
cheek,[tʃiːk],щека
chest,[tʃest],грудь
chin,[tʃɪn],подбородок
ear,[ɪə(r)],ухо
elbow,[ˈelbəʊ],локоть
eye,[aɪ],глаз
eyebrow,[ˈaɪbraʊ],бровь
eyelash,[ˈaɪlæʃ],ресница
face,[feɪs],лицо
finger,[ˈfɪŋɡə(r)],палец
fist,[fɪst],кулак
foot,[fʊt],ступня
forehead,[ˈfɔːhed],лоб
hair,[heə(r)],волосы
hand,[hænd],кисть руки
heart,[hɑːt],сердце
heel,[hiːl],пятка
hip,[hɪp],бедро
jaw,[dʒɔː],челюсть
kidney,[ˈkɪdni],почка
knee,[niː],колено
leg,[leɡ],нога
lips,[lɪps],губы
little finger,[ˌlɪtl ˈfɪŋɡə(r)],мизинец
liver,[ˈlɪvə(r)],печень
lung,[lʌŋ],легкое
mouth,[maʊθ],рот
muscle,[ˈmʌsl],мышца
nail,[neɪl],ноготь
neck,[nek],шея
nerve,[nɜːv],нерв
nose,[nəʊz],нос
palm,[pɑːm],ладонь
rib,[rɪb],ребро
ring finger,[ˈrɪŋ ˈfɪŋɡə(r)],безымянный палец
skeleton,[ˈskelɪtn],скелет
skin,[skɪn],кожа
skull,[skʌl],череп
stomach,[ˈstʌmək],желудок
throat,[θrəʊt],горло
thumb,[θʌm],большой палец
toe,[təʊ],палец на ноге
tongue,[tʌŋ],язык
tooth,[tuːθ],зуб
wrist,[rɪst],запястье
to be,[biː],быть
to breathe,[briːð],дышать
to hear,[hɪə(r)],слышать
to hold,[həʊld],держать
to lie,[laɪ],лежать
to look,[lʊk],смотреть
to see,[siː],видеть
to sit,[sɪt],сидеть
to speak,[spiːk],говорить
to touch,[tʌtʃ],трогать
to walk,[wɔːk],ходить
attractive,[əˈtræktɪv],привлекательный
bald,[bɔːld],лысый
beard,[bɪəd],борода
beautiful,[ˈbjuːtɪfl],красивый
beauty,[ˈbjuːti],красота
blond,[blɒnd],белокурый
bushy,[ˈbʊʃi],густой (про брови или бороду)
common,[ˈkɒmən],обычный
curly,[ˈkɜːli],кудрявый
cute,[kjuːt],милый
dark,[dɑːk],темный
fair,[feə(r)],белокурый
fat,[fæt],толстый
figure,[ˈfɪɡə(r)],фигура
flush,[flʌʃ],румянец
freckles,[ˈfreklz],веснушки
ginger,[ˈdʒɪndʒə(r)],рыжий
haircut,[ˈheəkʌt],"прическа, стрижка"
height,[haɪt],рост
hooked,[hʊkt],крючковатый (про нос)
moustache,[məˈstɑːʃ],усы
oval,[ˈəʊvəl],овальный
pale,[peɪl],бледный
plump,[plʌmp],пухлый
round,[raʊnd],круглый
short,[ʃɔːt],короткий
slim,[slɪm],"тонкий, стройный"
square,[skweə(r)],квадратный
straight,[streɪt],прямой
tall,[tɔːl],высокий
thin,[θɪn],худой
ugly,[ˈʌɡli],уродливый
wavy,[ˈweɪvi],волнистый
weight,[weɪt],вес
active,[ˈæktɪv],активный
angry,[ˈæŋɡri],злой
blue,[bluː],грустный
boring,[ˈbɔːrɪŋ],скучный
brave,[breɪv],храбрый
calm,[kɑːm],спокойный
careful,[ˈkeəfl],осторожный
character,[ˈkærəktə(r)],характер
cheerful,[ˈtʃɪəfl],радостный
clever,[ˈklevə(r)],умный
confused,[kənˈfjuːzd],сбитый с толку
creative,[kriˈeɪtɪv],"креативный, творческий"
cruel,[ˈkruːəl],жестокий
curious,[ˈkjʊəriəs],любопытный
easy-going,[ˌiːzi ˈɡəʊɪŋ],легкий на подъем
emotional,[ɪˈməʊʃənl],эмоциональный
excited,[ɪkˈsaɪtɪd],взволнованный
fair,[feə(r)],честный
friendly,[ˈfrendli],дружелюбный
generous,[ˈdʒenərəs],щедрый
genius,[ˈdʒiːnɪəs],гениальный
gentle,[ˈdʒentl],мягкий
glad,[ɡlæd],довольный
greedy,[ˈɡriːdi],жадный
happy,[ˈhæpi],счастливый
hard-working,[ˌhɑːd ˈwɜːkɪŋ],трудолюбивый
honest,[ˈɒnɪst],честный
intelligent,[ɪnˈtelɪdʒənt],умный
jealous,[ˈdʒeləs],"ревнивый, завистливый"
kind,[kaɪnd],добрый
lazy,[ˈleɪzi],ленивый
loyal,[ˈlɔɪəl],верный
lucky,[ˈlʌki],удачливый
moody,[ˈmuːdi],хмурый
nervous,[ˈnɜːvəs],нервный
open,[ˈəʊpən],открытый
optimistic,[ˌɒptɪˈmɪstɪk],оптимистичный
patient,[ˈpeɪʃənt],терпеливый
proud,[praʊd],гордый
quiet,[ˈkwaɪət],тихий
reliable,[rɪˈlaɪəbl],надежный
romantic,[rəʊˈmæntɪk],романтичный
rude,[ruːd],грубый
sad,[sæd],грустный
shy,[ʃaɪ],стеснительный
sensitive,[ˈsensətɪv],чувствительный
serious,[ˈsɪərɪəs],серьезный
stupid,[ˈstjuːpɪd],глупый
talented,[ˈtæləntɪd],талантливый
tough,[tʌf],жесткий
upset,[ˌʌpˈset],расстроенный
wise,[waɪz],мудрый
witty,[ˈwɪti],остроумный
to act,[ækt],
to behave,[bɪˈheɪv],
to tell,[tel],рассказывать
to try,[traɪ],стараться
adoption,[əˈdɒpʃn],усыновление
aunt,[ɑːnt],тетя
boyfriend,[ˈbɔɪfrend],парень (друг)
bride,[braɪd],невеста
brother,[ˈbrʌðə(r)],брат
brother-in-law,[ˈbrʌðər ɪn lɔː],"шурин, деверь"
cousin,[ˈkʌzn],двоюродный брат или сестра
daughter,[ˈdɔːtə(r)],дочь
daughter-in-law,[ˈdɔːtər ɪn lɔː],"сноха, невестка"
divorce,[dɪˈvɔːs],развод
engagement,[ɪnˈɡeɪdʒmənt],помолвка
ex-husband,[ˌeks ˈhʌzbənd],бывший муж
ex-wife,[ˌeks ˈwaɪf],бывшая жена
family,[ˈfæməli],семья
father,[ˈfɑːðə(r)],отец
foster family,[ˈfɒstə ˈfæməli],приемная семья
friend,[frend],друг
girlfriend,[ˈɡɜːlfrend],девушка (подруга)
godfather,[ˈɡɒdfɑːðə(r)],крестный отец
godmother,[ˈɡɒdmʌðə(r),крестная мать
grandchildren,[ˈɡræntʃɪldrən],внуки
granddaughter,[ˈɡrændɔːtə(r)],внучка
grandfather,[ˈɡrænfɑːðə(r)],дедушка
grandmother,[ˈɡrænmʌðə(r)],бабушка
grandparents,[ˈɡrænpeərənts],бабушка и дедушка
grandson,[ˈɡrænsʌn],внук
half-brother,[ˈhɑːf brʌðə(r)],сводный брат(один родитель общий)
half-sister,[ˈhɑːf sɪstə(r)],сводная сестра(один родитель общий)
husband,[ˈhʌzbənd],муж
lover,[ˈlʌvə(r)],любовник(-ца)
marriage,[ˈmærɪdʒ],брак
mother,[ˈmʌðə(r)],мать
mother-in-law,[ˈmʌðər ɪn lɔː],"теща, свекровь"
nephew,[ˈnefjuː],племянник
niece,[niːs],племянница
parents,[ˈpeərənts],родители
relative,[ˈrelətɪv],родственник
sister,[ˈsɪstə(r)],сестра
son,[sʌn],сын
stepbrother,[ˈstepbrʌðə(r)],сын мачехи или отчима
stepfather,[ˈstepfɑːðə(r)],отчим
stepmother,[ˈstepmʌðə(r)],мачеха
stepsister,[ˈstepsɪstə(r)],дочь мачехи или отчима
twins,[twɪnz],близнецы
uncle,[ˈʌŋkl],дядя
wedding,[ˈwedɪŋ],свадьба
widow,[ˈwɪdəʊ],вдова
widower,[ˈwɪdəʊə(r)],вдовец
wife,[waɪf],жена
to care,[keə(r)],заботиться
to love,[lʌv],любить
to miss,[mɪs],скучать
to support,[səˈpɔːt],поддерживать
belt,[belt],ремень
blouse,[ˈblaʊz],блузка
boots,[buːts],ботинки
bracelet,[ˈbreɪslət],браслет
cap,[kæp],кепка
chain,[tʃeɪn],цепочка
cloak,[kləʊk],плащ
clothes,[kləʊðz],одежда
coat,[ˈkəʊt],пальто
dress,[dres],платье
earrings,[ˈɪərɪŋz],серьги
formal clothes,[ˈfɔːml kləʊðz],официальная одежда
hat,[hæt],шляпа
high boots,[ˌhaɪ ˈbuːts],сапоги
high heels,[ˌhaɪ ˈhiːlz],высокие каблуки
hoodie,[ˈhʊdi],"худи, толстовка"
jacket,[ˈdʒækɪt],пиджак
jeans,[dʒiːnz],джинсы
necklace,[ˈnekləs],ожерелье
pocket,[ˈpɒkɪt],карман
pyjamas,[pəˈdʒɑːməz],пижама
raincoat,[ˈreɪnkəʊt],плащ-дождевик
ring,[rɪŋ],кольцо
shirt,[ʃɜːt],рубашка
shoes,[ʃuːz],туфли
shorts,[ʃɔːts],шорты
skirt,[skɜːt],юбка
slippers,[ˈslɪpəz],тапочки
socks,[sɒks],носки
sportswear,[ˈspɔːtsweə(r)],спортивный костюм
suit,[suːt],костюм
sweater,[ˈswetə(r)],свитер
swimwear,[ˈswɪmweə(r)],купальный костюм
trainers,[ˈtreɪnəz],кроссовки
T-shirt,[ˈtiː ʃɜːt],футболка
umbrella,[ʌmˈbrelə],зонт
underwear,[ˈʌndəweə(r)],нижнее белье
uniform,[ˈjuːnɪfɔːm],униформа
zip,[zɪp],застежка-молния
to dress up,[ˈdres ˌʌp],наряжаться
to try on,[ˈtraɪ ɒn],примерить
to wear,[weə(r)],носить
to zip up,[ˈzɪp ˌʌp],застегнуть
apple,[ˈæpl],яблоко
bacon,[ˈbeɪkən],бекон
banana,[bəˈnɑːnə],банан
beef,[biːf],говядина
berries,[ˈberɪz],ягоды
biscuits,[ˈbɪskɪts],печенье
breakfast,[ˈbrekfəst],завтрак
butter,[ˈbʌtə(r)],масло
carrot,[ˈkærət],морковь
cereal,[ˈsɪəriəl],хлопья
chicken,[ˈtʃɪkɪn],курица
coffee,[ˈkɒfi],кофе
corn,[kɔːn],кукуруза
cucumber,[ˈkjuːkʌmbə(r)],огурец
dinner,[ˈdɪnə(r)],ужин
drinks,[drɪŋks],напитки
duck,[dʌk],утка
aubergine,[ˈəʊbəʒiːn],баклажан
fish,[fɪʃ],рыба
fruits,[fruːts],фрукты
garlic,[ˈɡɑːlɪk],чеснок
grapes,[ɡreɪps],виноград
ham,[hæm],ветчина
jam,[dʒæm],варенье
juice,[dʒuːs],сок
lemon,[ˈlemən],лимон
lettuce,[ˈletɪs],салат-латук
lunch,[lʌntʃ],обед
milk,[mɪlk],молоко
mineral water,[ˈmɪnərəl wɔːtə(r)],минеральная вода
mushroom,[ˈmʌʃruːm],гриб
nuts,[nʌts],орехи
onion,[ˈʌnjən],лук
pancake,[ˈpænkeɪk],блинчик
peach,[piːtʃ],персик
pepper,[ˈpepə(r)],перец
pineapple,[ˈpaɪnæpl],ананас
plum,[plʌm],слива
pork,[pɔːk],свинина
potato,[pəˈteɪtəʊ],картофель
salmon,[ˈsæmən],лосось
sandwich,[ˈsænwɪdʒ],сэндвич
sausage,[ˈsɒsɪdʒ],колбаса
shrimp,[ʃrɪmp],креветка
snack,[snæk],перекус
soda,[ˈsəʊdə],газировка
strawberry,[ˈstrɔːbəri],клубника
taste,[teɪst],вкус
tea,[tiː],чай
toast,[təʊst],тост
tomato,[təˈmɑːtəʊ],помидор
turkey,[ˈtɜːki],индейка
vegetables,[ˈvedʒtəblz],овощи
water,[ˈwɔːtə(r)],вода
watermelon,[ˈwɔːtəmelən],арбуз
yoghurt,[ˈjɒɡət],йогурт
to bake,[beɪk],печь
to boil,[bɔɪl],"кипеть, варить"
to cook,[kʊk],готовить
to cool,[kuːl],охлаждать
to cut,[kʌt],резать
to drink,[drɪŋk],пить
to eat,[iːt],есть
to fry,[fraɪ],жарить
to heat,[hiːt],подогревать
to stew,[stjuː],тушить
to taste,[teɪst],пробовать
actor,[ˈæktə(r)],актер
artist,[ˈɑːtɪst],художник
break,[breɪk],перерыв
career,[kəˈrɪə(r)],карьера
company,[ˈkʌmpəni],компания
cook,[kʊk],повар
designer,[dɪˈzaɪnə(r)],дизайнер
director,[dɪˈrektə(r)],директор
doctor,[ˈdɒktə(r)],врач
engineer,[ˌendʒɪˈnɪə(r)],инженер
fireman,[ˈfaɪəmən],пожарный
housewife,[ˈhaʊswaɪf],домохозяйка
interview,[ˈɪntəvjuː],собеседование
job,[dʒɒb],работа
journalist,[ˈdʒɜːnəlɪst],журналист
lawyer,[ˈlɔɪə(r)],юрист
meeting,[ˈmiːtɪŋ],встреча
money,[ˈmʌni],деньги
musician,[mjuˈzɪʃn],музыкант
office,[ˈɒfɪs],офис
photographer,[fəˈtɒɡrəfə(r)],фотограф
policeman,[pəˈliːsmən],полицейский
professional,[prəˈfeʃənl],профессионал
programmer,[ˈprəʊɡræmə(r)],программист
pupil,[ˈpjuːpɪl],ученик
salary,[ˈsæləri],зарплата
scientist,[ˈsaɪəntɪst],ученый
singer,[ˈsɪŋə(r)],певец
sportsman,[ˈspɔːtsmən],спортсмен
skill,[skɪl],навык
student,[ˈstjuːdnt],студент
task,[tɑːsk],задача
teacher,[ˈtiːtʃə(r)],учитель
to earn,[ɜːn],зарабатывать
to learn,[lɜːn],учить что-либо
to manage,[ˈmænɪdʒ],управлять
to order,[ˈɔːdə(r)],заказывать
to organise,[ˈɔːɡənaɪz],организовывать
to study,[ˈstʌdi],учить(-ся)
to teach,[tiːtʃ],"учить, преподавать"
to work,[wɜːk],работать
apartment,[əˈpɑːtmənt],квартира
basement,[ˈbeɪsmənt],подвал
ceiling,[ˈsiːlɪŋ],потолок
floor,[flɔː(r)],пол (этаж)
home,[həʊm],дом (место)
house,[haʊs],дом (здание)
neighbour,[ˈneɪbə(r)],сосед
roof,[ruːf],крыша
stairs,[steəz],лестница
wall,[wɔːl],стена
yard,[jɑːd],двор
armchair,[ˈɑːmtʃeə(r)],кресло
bookcase,[ˈbʊkkeɪs],книжный шкаф
carpet,[ˈkɑːpɪt],ковер
coffee table,[ˈkɒfi teɪbl],кофейный столик
computer,[kəmˈpjuːtə(r)],компьютер
curtains,[ˈkɜːtnz],шторы
desk,[desk],рабочий стол
lamp,[læmp],лампа
laptop,[ˈlæptɒp],ноутбук
living room,[ˈlɪvɪŋ ruːm],гостиная
painting,[ˈpeɪntɪŋ],картина
picture frame,[ˈpɪktʃə freɪm],рамка для фотографий
sofa,[ˈsəʊfə],диван
TV,[ˌtiː ˈviː],телевизор
bath,[bɑːθ],ванна
bathrobe,[bɑːθrəʊb],банный халат
bathroom,[ˈbɑːθruːm],ванная комната
bubbles,[ˈbʌblz],пузырьки
mirror,[ˈmɪrə(r)],зеркало
razor,[ˈreɪzə(r)],бритва
shampoo,[ʃæmˈpuː],шампунь
shower,[ˈʃaʊə(r)],душ
soap,[səʊp],мыло
sponge,[spʌndʒ],губка
toilet,[ˈtɔɪlət],унитаз
toothbrush,[ˈtuːθbrʌʃ],зубная щетка
toothpaste,[ˈtuːθpeɪst],зубная паста
towel,[ˈtaʊəl],полотенце
alarm clock,[əˈlɑːm klɒk],будильник
bed,[bed],кровать
bedroom,[ˈbedruːm],спальня
blanket,[ˈblæŋkɪt],одеяло
closet,[ˈklɒzɪt],платяной шкаф
hairbrush,[ˈheəbrʌʃ],расческа
hanger,[ˈhæŋə(r)],вешалка
light switch,[laɪt swɪtʃ],выключатель света
phone,[fəʊn],телефон
pillow,[ˈpɪləʊ],подушка
sheet,[ʃiːt],простыня
bowl,[bəʊl],миска
chair,[tʃeə(r)],стул
cooker,[ˈkʊkə(r)],плита
cup,[kʌp],чашка
fork,[fɔːk],вилка
freezer,[ˈfriːzə(r)],морозильная камера
fridge,[frɪdʒ],холодильник
glass,[ɡlɑːs],бокал
kettle,[ˈketl],чайник
kitchen,[ˈkɪtʃɪn],кухня
knife,[naɪf],нож
mug,[mʌɡ],кружка
plate,[pleɪt],тарелка
spoon,[spuːn],ложка
table,[ˈteɪbl],стол
to brush teeth,[brʌʃ tiːθ],чистить зубы
to clean,[kliːn],чистить
to dry,[draɪ],сушить
to live,[lɪv],жить
to sleep,[sliːp],спать
to take a bath,[teɪk ə bɑːθ],принимать ванну
to wash,[wɒʃ],мыть
basketball,[ˈbɑːskɪtbɔːl],баскетбол
billiards,[ˈbɪliədz],бильярд
book,[bʊk],книга
bowling,[ˈbəʊlɪŋ],боулинг
dance,[dɑːns],танец
cards,[kɑːdz],карты
chess,[tʃes],шахматы
cinema,[ˈsɪnəmə],кино
circus,[ˈsɜːkəs],цирк
collecting,[kəˈlektɪŋ],коллекционирование
comics,[ˈkɒmɪks],комиксы
computer games,[kəmˈpjuːtə ɡeɪmz],компьютерные игры
crosswords,[ˈkrɒswɜːdz],кроссворды
diving,[ˈdaɪvɪŋ],дайвинг
drawing,[ˈdrɔːɪŋ],рисование
fishing,[ˈfɪʃɪŋ],рыбалка
fitness,[ˈfɪtnəs],фитнес
football,[ˈfʊtbɔːl],футбол
hockey,[ˈhɒki],хоккей
hunt,[hʌnt],охота
knitting,[ˈnɪtɪŋ],вязание
model,[ˈmɒdl],модель
music,[ˈmjuːzɪk],музыка
photo,[ˈfəʊtəʊ],фотография
poetry,[ˈpəʊətri],поэзия
reading,[ˈriːdɪŋ],чтение
running,[ˈrʌnɪŋ],бег
sculpture,[ˈskʌlptʃə(r)],скульптура
shopping,[ˈʃɒpɪŋ],шопинг
singing,[ˈsɪŋɪŋ],пение
skiing,[ˈskiːɪŋ],катание на лыжах
swimming,[ˈswɪmɪŋ],плавание
tennis,[ˈtenɪs],теннис
theatre,[ˈθɪətə(r)],театр
volleyball,[ˈvɒlibɔːl],волейбол
yoga,[ˈjəʊɡə],йога
to dance,[dɑːns],танцевать
to do cycling,[duː ˈsaɪklɪŋ],кататься на велосипеде
to do gardening,[duː ˈɡɑːdnɪŋ],заниматься садоводством
to draw,[drɔː],рисовать
to go mushrooming,[ɡəʊ ˈmʌʃrʊmɪŋ],собирать грибы
to play the guitar,[pleɪ ðə ɡɪˈtɑː(r)],играть на гитаре
to play the piano,[pleɪ ðə piˈænəʊ],играть на пианино
to read,[riːd],читать
to run,[rʌn],бегать
to sing,[sɪŋ],петь
to swim,[swɪm],плавать
black,[blæk],черный
blue,[bluː],синий
brown,[braʊn],коричневый
colour,[ˈkʌlə(r)],цвет
dark blue,[dɑːk bluː],темно-синий
gold,[ɡəʊld],золотистый
green,[ɡriːn],зеленый
grey,[ɡreɪ],серый
light blue,[laɪt bluː],голубой
orange,[ˈɒrɪndʒ],оранжевый
pink,[pɪŋk],розовый
red,[red],красный
shade,[ʃeɪd],оттенок
silver,[ˈsɪlvə(r)],серебристый
violet,[ˈvaɪələt],фиолетовый
white,[waɪt],белый
yellow,[ˈjeləʊ],желтый
to paint,[peɪnt],красить
bad,[bæd],плохой
big,[bɪɡ],большой
circle,[ˈsɜːkl],круг
cool,[kuːl],прохладный
far,[fɑː(r)],далекий
fast,[fɑːst],быстрый
fluffy,[ˈflʌfi],пушистый
good,[ɡʊd],хороший
hard,[hɑːd],"жесткий, твердый"
heavy,[ˈhevi],тяжелый
high,[haɪ],высокий
hot,[hɒt],горячий
large,[lɑːdʒ],крупный
length,[leŋkθ],длина
light,[laɪt],легкий
line,[laɪn],линия
long,[lɒŋ],длинный
loud,[laʊd],громкий
low,[ləʊ],низкий
new,[njuː],новый
old,[əʊld],старый
quick,[kwɪk],быстрый
round,[raʊnd],круглый
shape,[ʃeɪp],форма
sharp,[ʃɑːp],острый
short,[ʃɔːt],короткий
size,[saɪz],размер
slow,[sləʊ],медленный
small,[smɔːl],маленький
smooth,[smuːð],гладкий
soft,[sɒft],мягкий
speed,[spiːd],скорость
square,[skweə(r)],"квадрат, квадратный"
warm,[wɔːm],теплый
weight,[weɪt],вес
afternoon,[ˌɑːftəˈnuːn],"день, время после полудня"
century,[ˈsentʃəri],век
date,[deɪt],дата
day,[deɪ],день
decade,[ˈdekeɪd],десятилетие
evening,[ˈiːvnɪŋ],вечер
hour,[ˈaʊə(r)],час
midnight,[ˈmɪdnaɪt],полночь
minute,[ˈmɪnɪt],минута
month,[mʌnθ],месяц
morning,[ˈmɔːnɪŋ],утро
night,[naɪt],ночь
second,[ˈsekənd],секунда
time,[taɪm],время
week,[wiːk],неделя
weekdays,[ˈwiːkdeɪz],будни
weekend,[ˌwiːkˈend],выходные
year,[jɪə(r)],год
Monday,[ˈmʌndeɪ],понедельник
Tuesday,[ˈtjuːzdeɪ],вторник
Wednesday,[ˈwenzdeɪ],среда
Thursday,[ˈθɜːzdeɪ],четверг
Friday,[ˈfraɪdeɪ],пятница
Saturday,[ˈsætədeɪ],суббота
Sunday,[ˈsʌndeɪ],воскресенье
winter,[ˈwɪntə(r)],зима
spring,[sprɪŋ],весна
summer,[ˈsʌmə(r)],лето
autumn,[ˈɔːtəm],осень
January,[ˈdʒænjuəri],январь
February,[ˈfebruəri],февраль
March,[mɑːtʃ],март
April,[ˈeɪprəl],апрель
May,[meɪ],май
June,[dʒuːn],июнь
July,[dʒuˈlaɪ],июль
August,[ˈɔːɡəst],август
September,[sepˈtembə(r)],сентябрь
October,[ɒkˈtəʊbə(r)],октябрь
November,[nəʊˈvembə(r)],ноябрь
December,[dɪˈsembə(r)],декабрь
air,[eə(r)],воздух
blizzard,[ˈblɪzəd],метель
chilly,[ˈtʃɪli],прохладный
clear,[klɪə(r)],чистый
cloud,[klaʊd],облако
cloudy,[ˈklaʊdi],облачный
cold,[kəʊld],"холод, холодный"
fog,[fɒɡ],туман
foggy,[ˈfɒɡi],туманный
frosty,[ˈfrɒsti],морозный
hot,[hɒt],жаркий
ice,[aɪs],лед
icy,[ˈaɪsi],ледяной
lightning,[ˈlaɪtnɪŋ],молния
moon,[muːn],луна
mud,[mʌd],грязь
puddle,[ˈpʌdl],лужа
rain,[reɪn],дождь
rainbow,[ˈreɪnbəʊ],радуга
rainy,[ˈreɪni],дождливый
sky,[skaɪ],небо
snow,[snəʊ],снег
snowfall,[ˈsnəʊfɔːl],снегопад
snowflake,[ˈsnəʊfleɪk],снежинка
snowy,[ˈsnəʊi],снежный
star,[stɑː(r)],звезда
starry,[ˈstɑːri],звездный
sun,[sʌn],солнце
sunlight,[ˈsʌnlaɪt],солнечный свет
sunny,[ˈsʌni],солнечный
sunrise,[ˈsʌnraɪz],рассвет
sunset,[ˈsʌnset],закат
thunder,[ˈθʌndə(r)],гром
thunderstorm,[ˈθʌndəstɔːm],гроза
weather,[ˈweðə(r)],погода
wind,[wɪnd],ветер
windy,[ˈwɪndi],ветреный
to beat,[biːt],стучать
to blow,[bləʊ],дуть
to cover up,[ˈkʌvə ˌʌp],покрывать
to darken,[ˈdɑːkən],темнеть
to drip,[drɪp],капать
to fall,[fɔːl],падать
to lighten,[ˈlaɪtn],светлеть
to melt,[melt],
cave,[keɪv],пещера
cliff,[klɪf],скала
desert,[ˈdezət],пустыня
dust,[dʌst],пыль
field,[fiːld],поле
forest,[ˈfɒrɪst],лес
ground,[ɡraʊnd],земля
hill,[hɪl],холм
island,[ˈaɪlənd],остров
jungle,[ˈdʒʌŋɡl],джунгли
lake,[leɪk],озеро
mountain,[ˈmaʊntən],гора
nature,[ˈneɪtʃə(r)],природа
ocean,[ˈəʊʃn],океан
pond,[pɒnd],пруд
river,[ˈrɪvə(r)],река
sand,[sænd],песок
sea,[siː],море
stone,[stəʊn],камень
stream,[striːm],ручей
swamp,[swɒmp],болото
wave,[weɪv],волна
animal,[ˈænɪml],животное
beak,[biːk],клюв
claw,[klɔː],коготь
feather,[ˈfeðə(r)],перо
fur,[fɜː(r)],шерсть
bull,[bʊl],бык
cat,[kæt],кошка
chicken,[ˈtʃɪkɪn],курица
cow,[kaʊ],корова
dog,[dɒɡ],собака
donkey,[ˈdɒŋki],осел
goat,[ɡəʊt],коза
goose,[ɡuːs],гусь
guinea pig,[ˈɡɪni pɪɡ],морская свинка
hamster,[ˈhæmstə(r)],хомяк
horse,[hɔːs],лошадь
kitten,[ˈkɪtn],котенок
mouse,[maʊs],мышь
parrot,[ˈpærət],попугай
pet,[pet],питомец
pig,[pɪɡ],свинья
puppy,[ˈpʌpi],щенок
rabbit,[ˈræbɪt],кролик
rat,[ræt],крыса
sheep,[ʃiːp],овца
bear,[beə(r)],медведь
camel,[ˈkæml],верблюд
crocodile,[ˈkrɒkədaɪl],крокодил
deer,[dɪə(r)],олень
elephant,[ˈelɪfənt],слон
fox,[fɒks],лиса
giraffe,[dʒəˈrɑːf],жираф
hippo,[ˈhɪpəʊ],бегемот
kangaroo,[ˌkæŋɡəˈruː],кенгуру
lion,[ˈlaɪən],лев
monkey,[ˈmʌŋki],обезьяна
panda,[ˈpændə],панда
rhino,[ˈraɪnəʊ],носорог
snake,[sneɪk],змея
tiger,[ˈtaɪɡə(r)],тигр
wild,[waɪld],дикий
wolf,[wʊlf],волк
bee,[biː],пчела
bug,[bʌɡ],жук
butterfly,[ˈbʌtəflaɪ],бабочка
fly,[flaɪ],муха
insect,[ˈɪnsekt],насекомое
spider,[ˈspaɪdə(r)],паук
bird,[bɜːd],птица
duck,[dʌk],утка
eagle,[ˈiːɡl],орел
owl,[aʊl],сова
penguin,[ˈpeŋɡwɪn],пингвин
pigeon,[ˈpɪdʒɪn],голубь
raven,[ˈreɪvn],ворон
sparrow,[ˈspærəʊ],воробей
swan,[swɒn],лебедь
to bark,[bɑːk],лаять
to bite,[baɪt],кусать
to catch,[kætʃ],ловить
to feed,[fiːd],кормить
to fly,[flaɪ],летать
to hiss,[hɪs],шипеть
to pet,[pet],гладить
to purr,[pɜː(r)],мурлыкать
to scream,[skriːm],кричать
bush,[bʊʃ],куст
cactus,[ˈkæktəs],кактус
flower,[ˈflaʊə(r)],цветок
grass,[ɡrɑːs],трава
leaf,[liːf],лист
lily,[ˈlɪli],лилия
oak,[əʊk],дуб
pine,[paɪn],сосна
root,[ruːt],корень
rose,[rəʊz],роза
tree,[triː],дерево
to bloom,[bluːm],цвести
to fruit,[fruːt],плодоносить
to grow,[ɡrəʊ],расти
to plant,[plɑːnt],сажать
to water,[ˈwɔːtə(r)],поливать
Christmas,[ˈkrɪsməs],Рождество
coloured lights,[ˈkʌləd ˌlaɪts],цветные фонарики (гирлянды)
decorations,[ˌdekəˈreɪʃnz],украшения
guest,[ɡest],гость
holiday,[ˈhɒlədeɪ],праздник
New Year,[ˌnjuː ˈjɪə(r)],Новый год
New Year’s tree,[ˌnjuː jɪəz ˈtriː],новогодняя елка
present,[ˈpreznt],подарок
snowman,[ˈsnəʊmæn],снеговик
treat,[triːt],угощение
balloon,[bəˈluːn],воздушный шар
birthday,[ˈbɜːθdeɪ],день рождения
cake,[keɪk],торт
candle,[ˈkændl],свеча
party,[ˈpɑːti],вечеринка
wish,[wɪʃ],желание
to be born,[biː bɔːn],родиться
to celebrate,[ˈselɪbreɪt],праздновать
to congratulate,[kənˈɡrætʃəleɪt],поздравлять
to enjoy,[ɪnˈdʒɔɪ],наслаждаться
to get older,[ɡet ˈəʊldə(r)],становиться старше
to have fun,[hæv fʌn],развлекаться
to invite,[ɪnˈvaɪt],пригласить
to like,[laɪk],нравиться
to make a wish,[meɪk ə wɪʃ],загадать желание
to prepare,[prɪˈpeə(r],готовиться
to visit,[ˈvɪzɪt],навещать
bakery,[ˈbeɪkəri],"булочная, пекарня"
bank,[bæŋk],банк
bench,[bentʃ],скамья
bookshop,[ˈbʊkʃɒp],книжный магазин
bridge,[brɪdʒ],мост
building,[ˈbɪldɪŋ],здание
cafe,[ˈkæfeɪ],кафе
car park,[ˈkɑː pɑːk],парковка
cathedral,[kəˈθiːdrəl],собор
cheap,[tʃiːp],дешевый
church,[tʃɜːtʃ],церковь
coin,[kɔɪn],монета
corner,[ˈkɔːnə(r)],угол
crossroads,[ˈkrɒsrəʊdz],перекресток
customer,[ˈkʌstəmə(r)],покупатель
dead end,[ˌded ˈend],тупик
expensive,[ɪkˈspensɪv],дорогой
fountain,[ˈfaʊntən],фонтан
hospital,[ˈhɒspɪtl],больница
left,[left],налево
library,[ˈlaɪbrəri],библиотека
lift,[lɪft],лифт
mall,[mɔːl],торговый центр
market,[ˈmɑːkɪt],рынок
monument,[ˈmɒnjumənt],памятник
museum,[mjuˈziːəm],музей
nightclub,[ˈnaɪtklʌb],ночной клуб
park,[pɑːk],парк
price,[praɪs],цена
public transport,[ˌpʌblɪk ˈtrænspɔːt],общественный транспорт
receipt,[rɪˈsiːt],чек
restaurant,[ˈrestrɒnt],ресторан
right,[raɪt],направо
road,[rəʊd],дорога
sale,[seɪl],распродажа
school,[skuːl],школа
shop,[ʃɒp],магазин
square,[skweə(r)],площадь
stadium,[ˈsteɪdiəm],стадион
station,[ˈsteɪʃn],станция
stop,[stɒp],остановка
street,[striːt],улица
subway,[ˈsʌbweɪ],"подземный переход, метро"
supermarket,[ˈsuːpəmɑːkɪt],супермаркет
university,[ˌjuːnɪˈvɜːsəti],университет
view,[vjuː],вид
way,[weɪ],путь
zoo,[zuː],зоопарк
to cost,[kɒst],стоить
to cross,[krɒs],"пересекать, переходить"
to find,[faɪnd],находить
to go,[ɡəʊ],идти
to go sightseeing,[ˌɡəʊ ˈsaɪtsiːɪŋ],осматривать достопримечательности
to pay,[peɪ],платить
to sell,[sel],продавать
to stop,[stɒp],остановиться
and,[ænd],и
as,[æz],как
because,[bɪˈkəz],потому что
but,[bʌt],но
if,[ɪf],если
how,[haʊ],как
or,[ɔː(r)],или
than,[ðæn],чем
that,[ðæt],который
what,[wɒt],что
when,[wen],когда
where,[weə(r)],где
which,[wɪtʃ],который
who,[huː],кто
whom,[huːm],кому
whose,[huːz],чей
yet,[jet],однако
above,[əˈbʌv],над
at,[æt],"у, в, на"
behind,[bɪˈhaɪnd],за
below,[bɪˈləʊ],ниже
between,[bɪˈtwiːn],между
by,[baɪ],у
in,[ɪn],в
on,[ɒn],на
under,[ˈʌndə(r)],под
after,[ˈɑːftə(r)],после
at,[æt],в
before,[bɪˈfɔː(r)],до
by,[baɪ],к
during,[ˈdjʊərɪŋ],во время
in,[ɪn],"в, через"
on,[ɒn],в
since,[sɪns],"с тех пор, как"
until,[ənˈtɪl],пока
because of,[bɪˈkɒz əv],из-за
for,[fɔː(r)],"для, за, из-за"
from,[frɒm],от
of,[ɒv],"из-за, от, по"
thanks to,[θæŋks tuː],благодаря
through,[θruː],"благодаря, из-за"
across,[əˈkrɒs],через
along,[əˈlɒŋ],вдоль
from,[frɒm],от
into,[ˈɪntuː],в
out,[aʊt],из
to,[tuː],"к, в, на"
one,[wʌn],один
two,[tuː],два
three,[θriː],три
four,[fɔː(r)],четыре
five,[faɪv],пять
six,[sɪks],шесть
seven,[sevn],семь
eight,[eɪt],восемь
nine,[naɪn],девять
ten,[ten],десять
eleven,[ɪˈlevn],одиннадцать
twelve,[twelv],двенадцать
thirteen,[ˌθɜːˈtiːn],тринадцать
fourteen,[ˌfɔːˈtiːn],четырнадцать
fifteen,[ˌfɪfˈtiːn],пятнадцать
sixteen,[ˌsɪksˈtiːn],шестнадцать
seventeen,[ˌsevnˈtiːn],семнадцать
eighteen,[ˌeɪˈtiːn],восемнадцать
nineteen,[ˌnaɪnˈtiːn],девятнадцать
twenty,[ˈtwenti],двадцать
twenty-one,[ˌtwenti ˈwʌn],двадцать один
twenty-two,[ˌtwenti ˈtuː],двадцать два
twenty-three,[ˌtwenti ˈθriː],двадцать три
twenty-four,[ˌtwenti ˈfɔː(r)],двадцать четыре
twenty-five,[ˌtwenti ˈfaɪv],двадцать пять
twenty-six,[ˌtwenti ˈsɪks],двадцать шесть
twenty-seven,[ˌtwenti ˈsevn],двадцать семь
twenty-eight,[ˌtwenti ˈeɪt],двадцать восемь
twenty-nine,[ˌtwenti ˈnaɪn],двадцать девять
thirty,[ˈθɜːti],тридцать
forty,[ˈfɔːti],сорок
fifty,[ˈfɪfti],пятьдесят
sixty,[ˈsɪksti],шестьдесят
seventy,[ˈsevnti],семьдесят
eighty,[ˈeɪti],восемьдесят
ninety,[ˈnaɪnti],девяносто
hundred,[ˈhʌndrəd],сто
thousand,[ˈθaʊznd],тысяча
million,[ˈmɪljən],миллион
billion,[ˈbɪljən],миллиард
first,[fɜːst],первый
second,[ˈsekənd],второй
third,[θɜːd],третий
fourth,[fɔːθ],четвертый
fifth,[fɪfθ],пятый
sixth,[sɪksθ],шестой
seventh,[ˈsevnθ],седьмой
eighth,[eɪtθ],восьмой
ninth,[naɪnθ],девятый
tenth,[tenθ],десятый
eleventh,[ɪˈlevnθ],одиннадцатый
twelfth,[twelfθ],двенадцатый
thirteenth,[ˌθɜːˈtiːnθ],тринадцатый
fourteenth,[ˌfɔːˈtiːnθ],четырнадцатый
fifteenth,[ˌfɪfˈtiːnθ],пятнадцатый
sixteenth,[ˌsɪksˈtiːnθ],шестнадцатый
seventeenth,[ˌsevnˈtiːnθ],семнадцатый
eighteenth,[ˌeɪˈtiːnθ],восемнадцатый
nineteenth,[ˌnaɪnˈtiːnθ],девятнадцатый
twentieth,[ˈtwentɪəθ],двадцатый
twenty-first,[ˌtwenti ˈfɜːst],двадцать первый
twenty-second,[ˌtwenti ˈsekənd],двадцать второй
twenty-third,[ˌtwenti ˈθɜːd],двадцать третий
twenty-fourth,[ˌtwenti ˈfɔːθ],двадцать четвертый
twenty-fifth,[ˌtwenti ˈfɪfθ],двадцать пятый
twenty-sixth,[ˌtwenti ˈsɪksθ],двадцать шестой
twenty-seventh,[ˌtwenti ˈsevnθ],двадцать седьмой
twenty-eighth,[ˌtwenti ˈeɪtθ],двадцать восьмой
twenty-ninth,[ˌtwenti ˈnaɪnθ],двадцать девятый
thirtieth,[ˈθɜːtiəθ],тридцатый
fortieth,[ˈfɔːtiəθ],сороковой
fiftieth,[ˈfɪftiəθ],пятидесятый
sixtieth,[ˈsɪkstiəθ],шестидесятый
seventieth,[ˈsevntiəθ],семидесятый
eightieth,[ˈeɪtiəθ],восьмидесятый
ninetieth,[ˈnaɪntiəθ],девяностый
hundredth,[ˈhʌndrədθ],сотый
thousandth,[ˈθaʊznθ],тысячный
millionth,[ˈmɪljənθ],миллионный
billionth,[ˈbɪljənθ],миллиардный